﻿<?xml version="1.0" encoding="utf-8" ?>
<hibernate-mapping xmlns="urn:nhibernate-mapping-2.2" 
      assembly="LightController" namespace="DMX512">
  <class name="DB_Light" table="Light">
    <id name="LightNo" column="LightNo">
      <generator class="assigned"></generator>
    </id>
    
    <property name="Name" type ="String">
      <column name="Name" sql-type="nvarchar(60)" not-null="true" />
    </property>
    <property name="Type" type ="string">
      <column name="Type" sql-type="nvarchar(60)" not-null="true" />
    </property>
    <property name="Pic" >
      <column name="Pic" sql-type="nvarchar(60)" not-null="true" />      
    </property>    
    <property name="StartID" column="StartID" not-null="true" unique="true"/>
    <property name="Count" column="Count" not-null="true"/>
  </class>
</hibernate-mapping>
