﻿<?xml version="1.0" encoding="utf-8" ?>
<hibernate-mapping xmlns="urn:nhibernate-mapping-2.2" 
      assembly="LightController" namespace="DMX512">
  <class name="DB_StepCount" table="StepCount">       
    <composite-id name="PK" class="DB_StepCountPK"> 
      <!-- PK应该是主类中，主键的字段名 -->
      <key-property name="LightIndex" column="LightIndex" />
      <key-property name="Frame" column="Frame" />
      <key-property name="Mode" column="Mode"  />      
    </composite-id>   
    
    <property name="StepCount" column="stepCount" not-null="true"/>
  </class>
</hibernate-mapping>
